{
  "results": [
    {
      "info": {
        "eyes": {
          "myopia": {
            "right": true,
            "left": true,
            "exactLeft": -3,
            "exactRight": -0.5
          },
          "hyperopia": {},
          "astigmatism": {
            "left": false,
            "right": false
          },
          "extra": "wada skorygowana, badany nosi okulary"
        },
        "age": 26,
        "gender": "Mężczyzna",
        "acuity": {
          "#ff0000": -0.19999999999999984,
          "#0000b7": -0.17999999999999985,
          "#750059": -0.19999999999999984,
          "#003459": -0.17999999999999985,
          "#007d00": -0.27999999999999986
        }
      },
      "id": 1
    },
    {
      "info": {
        "eyes": {
          "myopia": {
            "left": true,
            "right": true,
            "exactLeft": -3.25,
            "exactRight": -2.75
          },
          "hyperopia": {},
          "astigmatism": {
            "right": true,
            "left": true,
            "exactLeft": 0.5,
            "exactRight": 0.5
          },
          "extra": "skorygowana wada wzroku"
        },
        "age": 22,
        "gender": "Kobieta",
        "acuity": {
          "#0000b7": -0.19999999999999987,
          "#007d00": -0.2999999999999999,
          "#750059": -0.23999999999999985,
          "#ff0000": -0.2999999999999999,
          "#003459": -0.15999999999999986
        }
      },
      "id": 2
    },
    {
      "info": {
        "eyes": {
          "myopia": {
            "right": true,
            "left": true,
            "exactLeft": -0.75,
            "exactRight": -0.75
          },
          "hyperopia": {},
          "astigmatism": {},
          "extra": "nieskorygowana wada wzroku"
        },
        "age": 23,
        "gender": "Kobieta",
        "acuity": {
          "#0000b7": 0.22000000000000003,
          "#ff0000": 0.12000000000000018,
          "#750059": 0.10000000000000014,
          "#003459": 0.32000000000000006,
          "#007d00": 0.20000000000000015
        }
      },
      "id": 3
    },
    {
      "info": {
        "eyes": {
          "myopia": {},
          "hyperopia": {},
          "astigmatism": {}
        },
        "age": 26,
        "gender": "Mężczyzna",
        "acuity": {
          "#0000b7": -0.07999999999999986,
          "#ff0000": -0.19999999999999987,
          "#750059": -0.37999999999999995,
          "#003459": -0.15999999999999986,
          "#007d00": -0.2999999999999999
        }
      },
      "id": 4
    },
    {
      "info": {
        "eyes": {
          "myopia": {},
          "hyperopia": {
            "left": true,
            "exactRight": 0.5
          },
          "astigmatism": {}
        },
        "age": 26,
        "gender": "Mężczyzna",
        "acuity": {
          "#0000b7": -0.09999999999999987,
          "#ff0000": -0.19999999999999987,
          "#750059": 1.3877787807814457e-16,
          "#003459": 1.3877787807814457e-16,
          "#007d00": -0.19999999999999987
        }
      },
      "id": 5
    },
    {
      "info": {
        "eyes": {
          "myopia": {
            "right": true,
            "left": true,
            "exactLeft": -1,
            "exactRight": -1
          },
          "hyperopia": {},
          "astigmatism": {},
          "extra": "skorygowana wada wzroku"
        },
        "age": 21,
        "gender": "Kobieta",
        "acuity": {
          "#0000b7": 1.3877787807814457e-16,
          "#ff0000": -0.19999999999999987,
          "#750059": -0.09999999999999987,
          "#003459": -0.09999999999999987,
          "#007d00": -0.09999999999999987
        }
      },
      "id": 6
    },
    {
      "info": {
        "eyes": {
          "myopia": {
            "right": true,
            "left": true,
            "exactLeft": -2.5,
            "exactRight": -2.5
          },
          "hyperopia": {},
          "astigmatism": {},
          "extra": "skorygowana"
        },
        "age": 22,
        "gender": "Kobieta",
        "acuity": {
          "#0000b7": -0.15999999999999986,
          "#ff0000": -0.19999999999999987,
          "#750059": -0.09999999999999987,
          "#003459": -0.03999999999999986,
          "#007d00": -0.05999999999999986
        }
      },
      "id": 7
    },
    {
      "info": {
        "eyes": {
          "myopia": {},
          "hyperopia": {},
          "astigmatism": {}
        },
        "age": 21,
        "gender": "Mężczyzna",
        "acuity": {
          "#0000b7": -0.19999999999999987,
          "#ff0000": -0.2999999999999999,
          "#750059": -0.19999999999999987,
          "#003459": -0.09999999999999987,
          "#007d00": -0.2999999999999999
        }
      },
      "id": 8
    },
    {
      "info": {
        "eyes": {
          "myopia": {
            "right": true,
            "exactRight": -0.5
          },
          "hyperopia": {},
          "astigmatism": {}
        },
        "age": 23,
        "gender": "Mężczyzna",
        "acuity": {
          "#0000b7": -0.03999999999999986,
          "#ff0000": -0.09999999999999987,
          "#750059": 0.16000000000000017,
          "#003459": 0.14000000000000018,
          "#007d00": 1.3877787807814457e-16
        }
      },
      "id": 9
    },
    {
      "info": {
        "eyes": {
          "myopia": {},
          "hyperopia": {},
          "astigmatism": {}
        },
        "age": 21,
        "gender": "Kobieta",
        "acuity": {
          "#0000b7": -0.17999999999999988,
          "#ff0000": -0.23999999999999985,
          "#750059": -0.19999999999999987,
          "#003459": -0.17999999999999985,
          "#007d00": -0.19999999999999987
        }
      },
      "id": 10
    },
    {
      "info": {
        "eyes": {
          "myopia": {},
          "hyperopia": {},
          "astigmatism": {}
        },
        "age": 23,
        "gender": "Mężczyzna",
        "acuity": {
          "#0000b7": -0.27999999999999986,
          "#ff0000": -0.3999999999999999,
          "#750059": -0.2999999999999999,
          "#003459": -0.27999999999999986,
          "#007d00": -0.3199999999999999
        }
      },
      "id": 11
    },
    {
      "info": {
        "eyes": {
          "myopia": {},
          "hyperopia": {},
          "astigmatism": {}
        },
        "age": 24,
        "gender": "Kobieta",
        "acuity": {
          "#0000b7": -0.17999999999999985,
          "#ff0000": -0.19999999999999987,
          "#750059": -0.09999999999999987,
          "#003459": -0.09999999999999987,
          "#007d00": -0.17999999999999985
        }
      },
      "id": 12
    },
    {
      "info": {
        "eyes": {
          "myopia": {},
          "hyperopia": {},
          "astigmatism": {}
        },
        "age": 22,
        "gender": "Kobieta",
        "acuity": {
          "#0000b7": -0.05999999999999987,
          "#ff0000": -0.27999999999999997,
          "#750059": -0.19999999999999987,
          "#003459": -0.09999999999999987,
          "#007d00": -0.15999999999999986
        }
      },
      "id": 13
    },
    {
      "info": {
        "eyes": {
          "myopia": {},
          "hyperopia": {},
          "astigmatism": {}
        },
        "age": 25,
        "gender": "Mężczyzna",
        "acuity": {
          "#0000b7": -0.19999999999999984,
          "#ff0000": -0.2999999999999999,
          "#750059": -0.17999999999999985,
          "#003459": -0.19999999999999987,
          "#007d00": -0.19999999999999987
        }
      },
      "id": 14
    },
    {
      "info": {
        "eyes": {
          "myopia": {},
          "hyperopia": {},
          "astigmatism": {}
        },
        "age": 22,
        "gender": "Mężczyzna",
        "acuity": {
          "#0000b7": -0.11999999999999987,
          "#ff0000": -0.3399999999999999,
          "#750059": -0.13999999999999987,
          "#003459": -0.19999999999999987,
          "#007d00": -0.23999999999999985
        }
      },